batter_id,mlbam_pitch_name
430838,FA
430565,FA
430565,FA
430565,SL
430565,CU
425548,FA
425548,FA
425548,FA
115732,FA
115732,FA
115732,SL
453064,FA
455104,FA
455104,FA
455104,SL
444865,FA
444865,FA
430838,FA
430838,FA
430565,FA
430565,FA
425548,FA
425548,FA
407812,FA
407812,FA
407812,FA
425547,CH
453064,FA
453064,SL
455104,CH
455104,FA
444865,FA
444865,FA
444865,FA
444865,FA
444865,FA
444865,SL
430838,FA
430838,FA
430838,FA
430838,FA
430838,FA
430565,FA
430565,SL
430565,FA
430565,CU
425548,FA
425548,FA
115732,FA
115732,FA
115732,FA
115732,FA
115732,SL
115732,SL
115732,CU
407812,FA
407812,FA
407812,FA
150353,FA
150353,FA
123744,FA
111188,SL
113660,FC
113660,FA
113660,FA
113660,FA
113660,FA
113660,FA
117148,FA
117148,FC
117148,FA
117148,SL
117148,CH
134260,FA
134260,FA
134260,FA
425821,FA
430161,FA
430161,FA
430161,FA
430161,SL
150353,FA
150353,CH
150353,FA
123744,FA
123744,FA
123744,FA
123744,FA
110383,FA
110383,FA
110383,SI
111188,FC
111188,FA
113660,FA
113660,SL
113660,FA
113660,FA
113660,FA
113660,SL
113660,FA
117148,FA
117148,FA
117148,FA
117148,FA
117148,FA
117148,SL
134260,SI
425821,FA
425821,CH
425821,FA
430161,CH
430161,FA
150353,FA
150353,FA
123744,FA
123744,PO
123744,SL
123744,SL
123744,FA
123744,FA
110383,FA
110383,FA
111188,FA
113660,FA
113660,FA
279577,FA
279577,FA
279577,FA
279577,FA
334393,FA
334393,FA
334393,CH
114596,FA
114596,FA
116999,SI
116999,FA
114935,FA
114935,FA
114935,FC
114935,FA
114935,FA
431145,FA
431145,FA
431145,FC
444843,FA
407832,FA
407832,FA
123387,FA
123387,FA
123387,FA
279577,FC
334393,FA
334393,FA
334393,SL
114596,PO
114596,FA
114596,FA
114596,FA
114596,FA
116999,FA
116999,CH
116999,SI
114935,FA
114935,FA
114935,CH
114935,FA
114935,FA
431145,FA
431145,FA
431145,FA
431145,FA
444843,CH
444843,CH
444843,CH
444843,FA
407832,SI
123387,FA
123387,FA
123387,FA
123387,SI
279577,SL
334393,FA
334393,FC
334393,SL
114596,SL
116999,FA
116999,FA
116999,SL
116999,SL
114935,FA
431145,SI
431145,FA
431145,FF
431145,FF
444843,FA
444843,FA
407832,SL
407832,FA
407832,FA
407832,FA
407832,SL
407832,FF
407832,FA
123387,SL
123387,FA
430637,FA
430637,FA
407483,FA
407483,FA
407483,SL
116706,FA
116706,FA
116706,FA
116706,FA
116706,FA
116706,FA
116662,FA
116662,SL
435263,FA
435263,SL
435263,FA
435263,FA
425796,FA
425796,SL
425796,FA
425796,FA
425796,SL
429801,FA
218595,FC
218595,SL
122477,FA
122477,FA
122477,FA
122477,FA
430637,FA
430637,CH
407483,FA
407483,SL
407483,FA
407483,FA
116706,FA
116706,SL
116706,FA
116662,FA
116662,CH
116662,FA
116662,FA
116662,CH
435263,CH
435263,CH
435263,FA
435263,CH
425796,FA
429801,FA
218595,FA
218595,FA
218595,FA
122477,FA
430637,FA
430637,CH
430637,SL
430637,FA
430637,CH
407483,CH
407483,CH
116706,PO
116706,PO
116706,CH
116706,CH
116706,FA
116662,FA
116662,SL
116662,CH
116662,CH
116662,FA
435263,FA
435263,FA
150472,FA
150472,FA
150472,FA
150472,CH
115608,FA
115608,FA
115608,FA
115608,FA
115135,FA
115135,FC
115135,SI
408252,FA
408252,FA
276055,FA
276055,FC
276055,FA
276055,FA
285078,CH
136460,FA
136460,FA
136460,FA
123609,FA
123609,FA
279571,SL
279571,SL
150472,FA
150472,SL
115135,FA
115135,FA
115135,CU
115135,FA
408252,FC
408252,FA
276055,FC
276055,FC
276055,FA
285078,FC
285078,FC
123609,FC
123609,SL
433898,SI
433898,FC
150472,FF
150472,FA
115608,FA
115608,CH
115135,CH
115135,FA
408252,CH
408252,FA
408252,SL
276055,FA
276055,FA
276055,FA
276055,CH
276055,CH
285078,CH
285078,SL
285078,CH
136460,FA
136460,SL
123609,SL
112128,FA
150472,FA
150472,FA
115608,FA
115608,FA
115608,FA
115135,FA
115135,FA
115135,FA
408252,FA
408252,SL
408252,FA
408252,FA
408252,FC
408252,SL
408252,CH
408252,FA
408252,FA
408252,CH
400085,FA
400085,FA
400085,SL
400085,FA
123723,FA
115229,FA
115229,FA
407777,FA
407777,FC
407777,FC
134181,FA
134181,FA
492706,FA
430946,FA
430946,CH
430946,FA
430946,CH
430946,FA
430946,CH
217100,FA
217100,FA
217100,FA
425533,FA
425533,FA
425533,FA
425533,CH
425533,FA
400085,FA
400085,FA
400085,FA
400085,FA
123723,FA
115229,FA
115229,CH
115229,FA
115229,SL
115229,CH
115229,SL
407777,FA
407777,CH
407777,FA
407777,FA
407777,FA
134181,CH
134181,FA
134181,FA
134181,FA
492706,FA
492706,SL
430946,FA
217100,FA
217100,FA
217100,FA
425533,SL
425533,SL
425533,FA
400085,FC
123723,FA
123723,FA
123723,CH
123723,FA
115229,FA
115229,FA
115229,CH
115229,FA
115229,FA
407777,CH
430001,FA
430001,FA
460075,FA
429666,FA
429666,CH
429666,FF
429666,FA
425902,FA
132961,FA
132961,FC
132961,FA
132961,FA
407849,FA
407849,SL
407849,FA
119064,FC
119064,CU
119064,FA
119064,SL
119064,FA
408212,FA
408212,FA
408212,FA
433657,FA
433657,FA
433657,FA
433657,FA
433657,FA
430001,FA
430001,SL
430001,FA
430001,FF
460075,FF
460075,FF
460075,FF
429666,FC
425902,FA
425902,FC
132961,SI
132961,FA
407849,SL
119064,FA
119064,CH
119064,FC
119064,FA
408212,FA
408212,SL
408212,SL
433657,SL
433657,FA
430001,SL
430001,FA
430001,FC
430001,FC
460075,FA
429666,CH
429666,SL
429666,FA
429666,FA
425902,FA
425902,FA
425902,FA
132961,FA
407849,FA
407849,FA
407849,CH
119064,FA
334393,FA
334393,FA
334393,FA
334393,FA
334393,FA
334393,FA
279577,FC
279577,FA
114596,FA
114596,FA
114596,FA
114596,FA
114596,FA
116999,FA
114935,FA
114935,FA
431145,SI
431145,FA
431145,SI
431145,FA
444843,FA
473234,FA
473234,FA
150116,FA
150116,FA
150116,SL
150116,FA
334393,FA
334393,FA
334393,FA
334393,FA
334393,FA
279577,FA
279577,SL
116999,FA
114935,FA
114935,FA
431145,FA
431145,FA
431145,FA
444843,FA
444843,CH
444843,FA
473234,SL
276054,FA
276054,SL
276054,FA
276054,FA
276054,FA
334393,SL
334393,CH
334393,FA
334393,FA
279577,FC
279577,FA
279577,FA
114596,FA
114596,FA
114596,FA
116999,FA
116999,FA
116999,SL
116999,FA
116999,FA
114935,FC
114935,FA
114935,FA
114935,SL
114935,FA
424825,FA
424825,FA
424825,FA
456030,FA
456030,FA
120074,FA
120074,FC
120903,FA
120903,FA
120903,CU
425903,SI
425903,FA
425903,CH
425903,FA
425903,FA
425903,FA
123660,FA
123660,FA
123660,FC
123660,FA
123660,SL
123660,CH
276377,FC
276377,FA
276377,CH
276377,FA
150061,FA
150061,FA
150061,FA
493137,FA
493137,FA
493137,FA
424825,FA
424825,FC
424825,CH
424825,SL
424825,SL
424825,FA
424825,FA
424825,SL
424825,SL
456030,FA
456030,CH
456030,FA
456030,FA
456030,FA
120074,FA
120074,FA
120074,FA
120903,FA
120903,FA
120903,FA
425903,FA
425903,CH
425903,SI
425903,SI
123660,FA
123660,FA
276377,FA
276377,SL
150061,FA
150061,SL
150061,CH
150061,SI
493137,FA
493137,FA
493137,SL
493137,SL
424825,FA
456030,FA
456030,SI
456030,PO
456030,FA
456030,CH
456030,CH
120074,FA
120074,CH
120074,FA
120074,FA
120903,CH
120903,CH
425903,FA
425903,CH
123660,FC
123660,FA
123660,FC
123660,IN
276377,FA
276377,FA
408312,FA
425545,FA
425545,FA
425545,FA
435181,FA
400018,FA
435179,FA
435181,FA
435181,FA
435181,FA
400018,SL
400018,SL
400018,PO
400018,SL
425821,FC
435179,FA
407792,FA
407792,FA
462564,SL
462564,SL
408234,SL
408234,SL
408234,FC
408312,FC
425545,SL
400018,FA
425821,FA
434670,FA
434670,FA
434670,FA
434670,CU
407792,SL
407792,CH
462564,FA
407483,FA
407483,FA
407483,FA
407483,FA
407483,CH
407483,FA
121074,FA
116706,FA
116706,CH
116662,FA
116662,FC
116662,FA
116662,FA
116662,FC
116662,FA
116662,SL
116662,SL
435263,FA
435263,FC
425796,FA
425796,FA
425796,SL
425796,FA
425796,CU
430637,FA
430637,FC
430637,FA
430637,FA
430637,SL
430637,SL
429801,FC
429801,FC
429801,FA
429801,FA
429801,SL
434678,FA
434678,SL
434678,SL
407483,FA
121074,FA
121074,FA
121074,FA
116706,FA
116706,FA
116706,FA
116662,CH
116662,FA
116662,FA
116662,FF
435263,FA
435263,FA
435263,FA
435263,FA
425796,FA
425796,CH
425796,FA
430637,SI
430637,FC
430637,CH
430637,FA
429801,FA
429801,FA
429801,CH
434678,FA
434678,FA
434678,FA
434678,FA
407483,FA
407483,CH
407483,FA
407483,FA
121074,PO
121074,FA
116706,FC
116706,FA
116706,FA
116706,FA
116662,FA
116662,FA
116662,FA
116662,FA
435263,FA
455759,FA
455759,FA
455759,CH
455759,FA
407861,SL
407861,CU
407861,SI
407861,FA
291565,FA
291565,FA
291565,CH
291565,CH
429710,FA
429710,FA
429710,PO
433582,FA
433582,FA
433582,CH
452220,FA
434625,FA
430965,CH
430965,SL
430965,CH
407861,CH
407861,FA
291565,SL
291565,FA
429710,CH
429710,CH
429710,CU
429710,CH
429710,CH
433582,FA
433582,CH
433582,CH
433582,FA
433582,FA
452220,FA
452220,CH
452220,CH
452220,FA
452220,FA
452220,CH
434625,FA
434625,FA
430965,FA
430965,CH
430965,FA
150277,FA
150277,FA
150277,SL
455759,CH
455759,FA
455759,FA
407861,CH
407861,PO
407861,CH
291565,CH
291565,CH
291565,FA
429710,CH
429710,CH
429710,CH
429710,CH
429710,FA
429710,CH
429710,FA
429710,CH
429710,CH
408314,FA
408314,FC
408314,FA
408314,CH
123610,FA
123610,FC
123610,FA
123610,FA
136860,FA
136860,FC
136860,FA
431151,SI
431151,SI
431151,SI
431151,SL
113232,SI
113232,FA
113232,FC
115094,FC
115094,FA
115094,CH
134001,FA
134001,FA
134001,FA
134001,FA
451186,FA
451186,FA
451186,CH
451186,FA
429720,FA
429720,FA
429720,SI
429720,FA
408314,FA
408314,SL
408314,SL
408314,FA
408314,FA
408314,CH
123610,CH
123610,FA
123610,CH
123610,CH
136860,FA
136860,FC
136860,FC
431151,FA
431151,SI
431151,FF
431151,FA
113232,FC
113232,SL
113232,FC
113232,FC
113232,FA
115094,FC
115094,CU
134001,FA
451186,FA
451186,FA
429720,FA
408314,SI
408314,FA
408314,FA
408314,CH
110987,FA
110987,FA
429731,FA
429731,FA
429731,FA
429731,FA
204020,FA
204020,FA
204020,FC
204020,FA
204020,FA
150324,FA
150324,SL
150286,FA
150286,SL
150286,FC
150286,SL
150286,FA
150286,CH
432928,FA
407835,FA
407835,SL
110385,FA
110385,FA
400061,FC
400061,FA
400061,FC
400061,FC
400061,FA
400061,FA
110987,SL
429731,FA
429731,SL
429731,FA
204020,SL
204020,FA
150324,FC
150324,FA
150324,FC
150324,FA
150286,SL
150286,SL
150286,FA
150286,FA
150286,SL
432928,FA
432928,SL
432928,SL
407835,FA
407835,FC
407835,FA
110385,FC
110385,FC
110385,SL
110385,FA
110385,FA
400061,FA
400061,FA
110987,SL
110987,FA
429731,FA
429731,FA
150324,FA
150324,FA
150286,FA
150286,CH
150286,CH
407835,PO
407835,FA
407835,SL
407835,FA
150353,FA
150353,SI
150353,FA
133160,SI
133160,FA
113660,FA
113660,FA
113660,FC
113660,CH
111188,FC
111188,SI
111188,SI
111188,FA
111188,FA
111188,FC
117148,FA
117148,FC
117148,SL
117148,FA
134260,FA
134260,FA
134260,FA
150268,FA
150268,FA
150268,FA
150268,FA
123744,SI
123744,FA
123744,FA
123744,CH
430912,SI
430912,FA
430912,SI
430912,FA
430912,CH
150353,FA
133160,SI
133160,CH
133160,SI
133160,FA
113660,SI
113660,FC
113660,FC
113660,FA
113660,FA
113660,FC
113660,FA
113660,CH
111188,FA
111188,FA
117148,FC
134260,FA
134260,FC
150268,FC
150268,CH
123744,FA
123744,FA
123744,FA
123744,CH
123744,FA
430912,FA
150353,SL
133160,FA
113660,FA
111188,CH
111188,FA
111188,FA
111188,FA
111188,CH
111188,FA
111188,FA
111188,FA
117148,FA
117148,FA
117148,CH
134260,FA
134260,FC
134260,FA
150268,FA
123744,FA
123744,CH
123744,CH
123744,CH
275930,FA
275930,FA
275930,FA
275930,FA
275930,FA
275930,FA
113845,FA
113845,FA
113845,FA
113845,FA
113845,CU
405395,FA
405395,FA
405395,FA
113744,FA
113744,CH
121409,SL
121409,FA
121409,FA
121409,SL
121409,FA
407886,FA
407886,FA
407886,FA
110870,FA
150337,FA
150456,FA
150456,FC
150456,FA
150456,CH
275930,PO
275930,FA
275930,CH
113845,FA
405395,FA
405395,FA
405395,CH
113744,FA
113744,FA
121409,FA
121409,FA
121409,SL
407886,CH
407886,FA
110870,FA
110870,CH
110870,FC
110870,FA
110870,FA
110870,CH
150337,FA
150337,SL
150337,CH
150337,FA
150337,CH
150456,FA
150456,CH
150456,FA
275930,FA
275930,FA
275930,FA
275930,FA
113845,SL
113845,FA
113845,FA
113845,CH
113845,FA
405395,CH
405395,FA
405395,FA
113744,SL
121409,SL
430838,FA
430838,FA
430838,FA
430838,FA
430565,FA
430565,FA
430565,FA
407812,PO
407812,SI
407812,FA
407812,SI
407812,SI
115732,FA
115732,FA
115732,FA
115732,CH
115732,FA
115732,FA
425548,FA
425548,FA
425548,FA
425548,FA
425547,FA
425547,FC
425547,SL
425547,FA
425547,FA
425547,FC
425547,FA
453064,FA
453064,FA
453064,FC
453064,FA
453064,FA
150275,FA
150275,FA
150275,FA
433585,FA
433585,FA
433585,FA
433585,CH
433585,FA
433585,FC
430838,FA
430838,FA
430838,FA
430838,SI
430838,FA
430565,FA
430565,FA
430565,FA
430565,FA
407812,FA
407812,FA
407812,FA
407812,FA
407812,FA
115732,FA
115732,FA
425548,FA
425547,FC
453064,FA
453064,FA
150275,FA
150275,FA
150275,SI
430587,FA
430587,FA
430622,FA
430622,CH
430622,FA
430565,CH
430565,FC
430565,FA
430565,CH
430565,FA
407812,FA
115732,FA
115732,FA
115732,FA
115732,FC
115732,FA
425548,FA
425548,CH
425548,FA
425547,FA
425547,FA
425547,FA
425547,FC
425547,FA
425547,SL
429663,FA
429663,SI
429663,FA
117928,FA
117928,SI
117928,FA
117928,FA
204020,FA
150286,FA
150286,FA
150286,FA
150286,FA
150286,SI
150286,SL
421064,FA
421064,FC
407835,FA
407835,FA
407835,FA
407835,FA
429731,FA
429731,SI
429731,CH
429731,SI
429731,FA
276347,FA
276347,FC
276347,SL
458006,FA
458006,SL
458006,FA
458006,SL
429663,FA
429663,FA
117928,FA
117928,FA
117928,SL
117928,FA
204020,SI
150286,FA
150286,FA
150286,SL
150286,SL
421064,CH
421064,FA
421064,CH
407835,FA
407835,FA
407835,FA
407835,FA
407835,FA
429731,FA
429731,SL
429731,FC
429731,FA
429731,CH
429731,CH
276347,FA
276347,CH
276347,FA
276347,CH
458006,FC
458006,FA
458006,FC
458006,FA
429663,SI
429663,FA
429663,FA
429663,FA
429663,FA
117928,FA
117928,FA
117928,SI
276519,FA
276519,FA
435338,FA
435338,FA
150100,FA
429667,FA
429667,FA
400023,FA
400023,FA
400023,FA
400023,FA
400023,FA
425664,FA
425664,FA
434563,FA
434563,FA
434563,CH
119865,FA
119865,FA
119865,FA
119865,FA
119469,FA
276519,FA
276519,CH
276519,CH
435338,FA
435338,FA
435338,FA
150100,FA
150100,FA
150100,FA
150100,FA
150100,FA
150100,CH
150100,FA
429667,FA
429667,CH
429667,FA
400023,CH
400023,FA
400023,SI
425664,FA
434563,FA
434563,FA
434563,FA
434563,FC
434563,FA
119865,FA
119469,FA
119469,FA
119469,FA
276519,FA
276519,FA
276519,FA
435338,FA
435338,CH
435338,FA
150100,FA
150100,FA
150100,FA
150100,FA
429667,FA
429667,FA
400023,FA
425664,FA
425664,CH
434563,FA
434563,FA
119865,FA
119865,FA
119865,FA
136500,FA
136500,FA
276519,CH
276519,FA
276519,CH
276519,FA
435338,CH
435338,SL
435338,CH
435338,FA
455759,FC
455759,FA
455759,FC
455759,FA
407861,FA
407861,PO
407861,FA
407861,FA
407861,FA
291565,FA
291565,FA
433582,FA
433582,FA
433582,FA
430965,FA
430965,FA
430965,FA
430965,FA
452220,FA
452220,FA
448602,FC
448602,SL
448602,FA
448602,CU
457708,FA
452249,FA
452249,FA
452249,SL
452249,FA
452249,FA
452249,FC
455759,FA
455759,FA
455759,FA
407861,FA
291565,FA
291565,FA
291565,FA
433582,FA
433582,SL
433582,FA
430965,FC
430965,FC
452220,SI
452220,FC
452220,FA
452220,FA
452220,FA
452220,FA
452220,FA
448602,FA
448602,FA
448602,FA
448602,FA
448602,FA
448602,FA
457708,FA
457708,FA
457708,FA
457708,FC
457708,CH
457708,FA
457708,FA
452249,CH
455759,FF
407861,FA
291565,SI
291565,SI
433582,FA
433582,SI
433582,SI
430965,FA
452220,FA
452220,FA
452220,FA
452220,CH
452220,FA
448602,CH
448602,CH
448602,CH
457708,FA
452249,FA
455759,CH
455759,FC
455759,FC
455759,FA
455759,FC
455759,FA
455759,FA
455759,SI
455759,CH
455759,CH
407861,FA
407861,FA
407861,FA
291565,FA
291565,CH
291565,SL
291565,FA
291565,FA
433582,FA
433582,FA
452220,FA
452220,FA
452220,FA
448602,SI
448602,CH
448602,SI
448602,SI
448602,SI
430965,SI
430965,SI
430965,SI
430965,CH
457708,FA
457708,SI
457708,CH
457708,FA
457708,FA
457708,FA
452249,FA
455759,SI
455759,SI
455759,CH
407861,SI
407861,CH
291565,CH
291565,FA
291565,FA
291565,CH
433582,FA
433582,FA
433582,SI
433582,SI
452220,FA
448602,SI
448602,CH
448602,CH
448602,SI
430965,CH
430965,FA
430965,SI
430965,FA
457708,FA
457708,SI
471083,FA
471083,CH
455759,CH
455759,CH
455759,CH
455759,CH
407861,FA
407861,FA
407861,CH
407861,FA
407861,FA
407861,CH
291565,FA
433582,SI
433582,FA
433582,FA
452220,CH
452220,CH
452220,FA
448602,SL
448602,FA
448602,CH
435041,FA
435041,CH
430838,SL
430838,SL
430838,FC
430565,SL
430565,SL
430565,SL
430565,SL
407812,SL
407812,SL
115732,SL
115732,SL
115732,SL
115732,SL
115732,SL
425548,FC
425547,SL
453064,FC
453064,SL
453064,SL
453064,SL
150275,FC
150275,FC
150275,FC
150275,SL
150275,FC
433585,SL
433585,SL
433585,SL
433585,SL
433585,SL
430838,FC
430565,SL
430565,SL
407812,SL
115732,SL
115732,SL
115732,SL
115732,SL
425548,SL
425548,SL
425547,FA
425547,SL
425547,SL
453064,SL
453064,FC
453064,FC
453064,FC
453064,SL
150275,SL
150275,FC
150275,SL
433585,SL
433585,SL
433585,SL
433585,FA
433585,FA
433585,FA
430838,SL
430565,SL
430565,FA
407812,FA
407812,SL
407812,SL
407812,SL
407812,SL
279577,FA
279577,FA
279577,FA
279577,CH
334393,FA
334393,FA
334393,FA
425766,FA
425766,FA
425766,FA
425766,CH
425766,FA
116999,FA
116999,FA
116999,FA
114935,FA
114935,FA
461314,FA
461314,FA
461314,FA
473234,FA
473234,FC
124071,FA
124071,FA
124071,FA
124071,FA
279577,FA
279577,FA
334393,FA
334393,FA
334393,PO
334393,FA
334393,FA
425766,FA
425766,FA
116999,FA
116999,CH
116999,FA
116999,SL
116999,FA
114935,CH
114935,FA
114935,FA
114935,FA
114935,FA
431145,FA
431145,CH
461314,CH
461314,FA
473234,FA
473234,FA
124071,FA
124071,FA
460579,FA
460579,FA
430832,FA
430832,FA
430832,FA
430832,FA
408108,FA
408108,SL
408108,FC
425560,FA
425560,FC
425560,FA
425560,FA
294558,FA
424726,FC
424726,SL
424726,FC
424726,FA
424726,FA
425661,FC
333292,FA
452733,FA
452733,FA
460579,FA
460579,FC
460579,FA
460579,CH
460579,FA
460579,FA
430832,FA
430832,FA
430832,FA
408108,FA
408108,SL
408108,FA
425560,FA
425560,SL
425560,FA
294558,FA
294558,FA
294558,FA
294558,FA
424726,FC
424726,FA
424726,SI
424726,FA
424726,FC
424726,FC
425661,FA
425661,FF
425661,FA
333292,FA
333292,FC
333292,FC
452733,FA
460579,FA
460579,SL
460579,SL
460579,FA
460579,FA
460579,SL
430832,FA
430832,PO
430832,SL
430832,FA
430832,SL
430832,FA
408108,FA
408108,FA
425560,SL
425560,FC
425560,FA
294558,FA
294558,FA
424726,FA
430565,FA
430565,FA
430565,FA
430565,SL
430565,FA
453064,FA
453064,FA
453064,FA
453064,FA
453064,FA
115732,FA
115732,FA
425548,FA
425548,FC
425548,FA
425548,FA
425548,FA
425548,FA
425548,FA
425547,FA
448676,FA
448676,FA
448676,FA
448676,FA
448676,FA
448676,CH
150275,FA
150275,FA
150275,FA
150275,FA
150275,FA
430622,FA
430622,FC
430622,FA
433585,FA
433585,FA
433585,FA
433585,CH
430565,FA
430565,SI
430565,FA
430565,FA
430565,FA
453064,FA
115732,FA
115732,FA
115732,FA
115732,FA
115732,FA
115732,FA
425548,FA
425548,FA
425548,FA
425548,SL
425548,SI
425547,FA
448676,FA
448676,FA
448676,FA
150275,FA
150275,FA
150275,FA
150275,FC
430622,FA
430622,FA
430622,CH
433585,FA
433585,PO
433585,CH
430565,FA
430565,FC
430565,FA
430565,FA
430565,CH
430565,FA
430565,CH
453064,FA
115732,FA
115732,FA
115732,FA
115732,CH
430001,FA
430001,FA
430001,SL
430001,FA
430001,FA
430001,CH
430001,FA
429666,FA
429666,FA
429666,FA
460075,FA
460075,FA
460075,FA
460075,FA
425902,CH
425902,SL
425902,FA
425902,CH
430611,FA
430611,FA
408212,FA
408212,FA
132961,FA
132961,FA
132961,CH
132961,CH
119064,FA
119064,CH
119064,CH
119064,CU
425626,FA
430001,SL
430001,SL
429666,SL
429666,CU
429666,CH
429666,CH
460075,CH
425902,FA
425902,FC
425902,CH
425902,FA
425902,FA
430611,FA
408212,FC
132961,FA
132961,CH
119064,FA
119064,FA
119064,FA
119064,CU
119064,FA
448242,FA
448242,CH
448242,CH
448242,FA
430001,FA
430001,FA
430001,FA
430001,FA
430001,CH
430001,FA
429666,FA
429666,FA
429666,PO
429666,CH
429666,CH
429666,CH
460075,FA
460075,FA
460075,FA
460075,FA
434578,SI
456422,SI
456422,SI
456422,SI
456422,FF
456422,SI
456422,SI
452254,SI
452254,SI
452254,CH
452254,SI
452254,SI
452254,CH
204020,SI
204020,SI
150324,SI
150324,SI
150324,SI
150324,SI
150324,CH
123173,SI
123173,SI
123173,SI
150398,SI
150398,SI
150398,CH
421064,SI
421064,SI
421064,CH
421064,CH
421064,SI
421064,SI
421064,CH
453525,SI
453525,SI
453525,SI
434643,SI
434643,CH
434643,SI
456422,CH
456422,FF
456422,CH
452254,SI
452254,SI
452254,CH
452254,SI
204020,SI
204020,SI
204020,CH
204020,SI
204020,SI
150324,SI
123173,SI
123173,SI
123173,SI
421064,SI
421064,SI
421064,SI
453525,SI
453525,CH
453525,SI
453525,SI
434643,SI
456422,SI
456422,SI
456422,SI
456422,SI
452254,SI
452254,SI
452254,FF
452254,SI
204020,SI
204020,CH
150324,SI
150324,SI
150324,SI
123173,SI
123173,CH
123173,SI
150398,SI
150398,SI
150398,CH
150398,CH
421064,CH
150353,SI
150353,SI
150353,SI
150353,CH
150353,FC
464299,SI
400023,SI
400023,SI
400023,SI
134260,SI
134260,CH
134260,SI
134260,CH
134260,SI
134260,CH
430930,SI
430930,CH
430930,SI
430930,FF
430930,FC
425489,SI
425489,SI
425489,SI
110383,SI
110383,SI
110383,SI
110383,CH
501814,SI
501814,SI
501814,SI
430912,SI
430912,SI
430912,CH
430912,SI
430912,SI
150353,SI
150353,FF
150353,SI
464299,CH
464299,CH
464299,SI
464299,SI
464299,CH
400023,CH
400023,SI
400023,SI
400023,SI
400023,SI
400023,SI
400023,CH
134260,SI
134260,SI
134260,SI
430930,FF
430930,CH
425489,CH
425489,CH
425489,SI
110383,SI
110383,SI
501814,CH
501814,CH
501814,CH
501814,FF
501814,SI
501814,CH
430931,CH
430931,FC
430931,CH
430931,CH
430931,CH
150353,CH
464299,CH
400023,CH
400023,SI
134260,CH
134260,CH
134260,CH
134260,SI
430930,CH
430930,CH
430930,CH
430930,SI
430930,CH
430930,SI
430930,SI
430930,CH
425489,CH
425489,SI
113660,SI
113660,FC
113660,CH
444843,SI
444843,SI
116999,SI
116999,SI
425766,SI
425766,SI
425766,FC
425766,FF
431145,SI
431145,SI
431145,SI
431145,CH
431145,SI
431145,SI
431145,SI
431145,SI
431145,SI
116662,SI
116662,SI
116662,CH
116662,SI
116662,CH
116662,CH
455088,SI
455088,SI
455088,SI
451532,SI
451532,SI
451532,CH
451532,SI
451532,CH
279577,SI
279577,SI
334393,SI
334393,SI
444843,SI
444843,SI
444843,CH
444843,SI
116999,CH
425766,CH
425766,SI
425766,SI
425766,CH
425766,SI
431145,SI
431145,SI
116662,CH
116662,SI
116662,CH
116662,SI
455088,SI
455088,SI
434704,SI
434704,CH
434704,SI
434704,SI
434704,SI
434704,CH
455759,SI
291565,SI
291565,SI
407861,SI
407861,SI
433582,SI
433582,SI
433582,SI
448602,SI
457708,SI
457708,CH
457708,SI
457708,SI
452220,IN
452220,IN
430965,SI
430965,SI
429717,SI
429717,CH
429717,SI
429717,SI
455759,CH
455759,FF
455759,CH
455759,CH
455759,FC
455759,SI
291565,FF
407861,FC
407861,FC
407861,CH
407861,CH
433582,CH
433582,FC
448602,SI
448602,CH
448602,SI
448602,SI
457708,FC
452220,SI
452220,SI
452220,SI
452220,SI
430965,SI
430965,CH
429717,SI
429717,CH
429717,CU
429717,CH
291565,CH
291565,FC
291565,CH
407861,SI
407861,CH
407861,CH
407861,CH
433582,SI
433582,SI
433582,SI
448602,SI
448602,CH
448602,CH
448602,SI
457708,SI
452220,FF
452220,SI
452220,CH
430965,CH
430965,CH
430965,CH
429717,CH
429717,CH
455759,CH
455759,CH
455759,CH
455759,CU
455759,SI
291565,CH
407861,CH
407861,SI
407861,CH
407861,CH
407861,SI
433582,SI
433582,SI
433582,CH
433582,SI
448602,SI
448602,CH
457708,SI
457708,SI
457708,CH
457708,SI
452220,CH
452220,SI
452220,CH
452220,CH
452220,CH
430965,SI
430965,CH
434625,CH
434625,CH
434625,CH
455759,FC
455759,CH
430930,SI
430930,SI
430930,CH
430930,SI
464299,SI
464299,CH
133160,SI
133160,CH
134260,SI
134260,SI
134260,CH
134260,FC
134260,SI
134260,SI
400023,SI
400023,SI
400023,SI
435624,SI
435624,SI
435624,FF
425489,SI
425489,SI
425489,SI
425489,SI
501814,SI
430912,SI
430912,SI
430912,SI
430912,SI
430930,CH
430930,SI
464299,CH
133160,SI
133160,FF
133160,FF
133160,SI
134260,SI
134260,SI
400023,SI
400023,FC
435624,CH
425489,SI
425489,SI
425489,SI
425489,SI
425489,SI
501814,SI
501814,SI
430912,SI
430912,CH
430912,SI
430912,SI
430930,SI
464299,SI
464299,FF
464299,SI
464299,CH
464299,SI
133160,CH
134260,CH
134260,SI
400023,SI
400023,SI
435624,SI
435624,FF
435624,SI
435624,SI
435624,CH
435624,CH
425489,SI
425489,SI
425489,SI
425489,SI
425489,SI
425489,SI
150029,SI
150029,SI
150029,SI
150029,CH
429731,SI
429731,SI
429731,SI
429731,SI
400284,SI
400284,SI
400284,SI
400284,SI
400284,CU
429667,SI
150100,SI
150100,SI
150100,SI
150100,CH
150100,SI
150100,SI
150100,CH
150100,SI
150100,SI
150100,SI
132961,SI
150268,SI
150268,SI
434563,SI
434563,SI
434563,SI
434563,SI
430935,SI
430935,SI
430935,CH
430935,CH
430935,SI
150029,SI
150029,SI
150029,SI
429731,SI
429731,SI
400284,SI
400284,CH
400284,SI
429667,CH
429667,SI
429667,SI
150100,CH
150100,CH
150100,SI
150100,SI
150100,CU
150100,SI
150100,SI
150100,SI
150100,SI
132961,SI
132961,SI
132961,SI
132961,SI
150268,CH
150268,CH
434563,SI
430935,CH
150029,SI
150029,CH
429731,SI
429731,SI
429731,CH
429731,SI
400284,SI
400284,SI
429667,SI
429667,SI
150100,SI
132961,SI
132961,CH
132961,SI
132961,CH
132961,CH
132961,SI
150268,SI
150268,SI
434563,CH
434563,SI
434563,SI
434563,CH
434563,SI
430935,CH
430935,CH
430935,CH
425496,SI
425496,SI
425496,SI
425496,SI
425496,SI
425496,SI
425496,CH
425496,SI
425496,CH
435181,FF
435181,FC
435181,CH
434670,SI
408312,SI
408312,SI
408305,SI
408305,CH
408305,SI
462564,SI
114935,SI
276354,SI
276354,SI
276354,SI
276354,CH
453192,SI
453192,SI
453192,SI
453192,SI
453192,CH
453192,CH
453192,SI
425496,SI
425496,CH
425496,SI
425496,CH
425496,CH
425496,CH
435181,CH
435181,SI
435181,CU
435181,CH
434670,SI
408312,FF
408312,SI
408312,SI
408312,SI
408305,SI
408305,CH
408305,CH
408305,CH
408305,CH
462564,SI
462564,SI
114935,IN
114935,IN
114935,IN
276354,SI
276354,SI
453192,SI
453192,SI
425496,CH
425496,SI
425496,CH
425496,SI
425496,SI
435181,SI
435181,CH
435181,CH
434670,SI
434670,CH
434670,SI
434670,CH
434670,CH
408312,CH
408312,FF
408305,SI
408305,SI
408305,CH
408305,SI
462564,CH
462564,SI
114935,SI
276354,PO
276354,SI
407792,SI
407792,CH
407792,CH
407792,CH
425496,CH
425496,CH
425496,CH
425496,SI
425496,SI
430838,SI
430838,SI
435560,SI
435560,SI
407812,SI
115732,SI
115732,SI
115732,SI
115732,SI
115732,SI
115732,SI
425548,SI
425548,SI
425548,SI
425548,SI
425548,FF
425548,SI
425547,SI
425547,FF
150275,SI
425549,SI
425549,FF
425549,CH
425549,CH
425549,SI
425549,SI
434622,SI
434622,SI
430838,SI
430838,SI
430838,CH
430838,SI
430838,SI
435560,SI
435560,CH
435560,FF
435560,SI
407812,SI
115732,FF
115732,SI
115732,SI
115732,SI
115732,SI
425548,SI
425547,SI
425547,SI
425547,SI
425547,CH
425547,FF
150275,SI
150275,SI
425549,SI
425549,SI
425549,SI
434622,SI
434622,SI
434622,SI
434622,SI
430838,SI
435560,SI
435560,SI
435560,SI
435560,SI
407812,SI
407812,SI
407812,SI
115732,FC
115732,CH
150093,SI
444135,SI
444135,SI
117601,SI
133380,SI
133380,SI
133380,SI
133380,SI
493120,SI
493120,FF
493120,SI
493120,SI
113744,SI
113744,SI
113744,SI
113744,FF
113744,CH
430592,SI
430592,SI
430592,CU
430592,SI
430592,SI
430592,SI
111072,SI
111072,SI
111072,SI
111072,SI
111072,SI
133225,SI
133225,SI
150093,SI
150093,CH
444135,SI
444135,CH
444135,SI
444135,SI
117601,SI
117601,SI
117601,CH
117601,SI
117601,SI
133380,CH
133380,SI
133380,SI
133380,SI
133380,SI
493120,SI
113744,SI
430592,SI
430592,SI
430592,SI
111072,SI
133225,SI
133225,CH
150093,SI
444135,SI
444135,SI
117601,SI
117601,SI
117601,CH
117601,CH
117601,SI
446382,SI
446382,SI
446382,SI
408219,SI
408219,SI
408219,SI
405395,SI
405395,FC
405395,SI
407886,SI
407886,FF
407886,FC
407886,SI
407886,SI
407886,CH
136267,SI
136267,SI
136267,SI
136267,SI
136267,SI
425877,SI
425877,SI
425877,SI
425877,SI
425877,CH
425877,SI
150456,SI
150456,FF
334492,SI
334492,SI
334492,CU
285131,SI
285131,FF
285131,SI
446382,SI
408219,FF
408219,FF
408219,CH
405395,CH
405395,SI
405395,CU
405395,SI
407886,CH
407886,SI
407886,SI
407886,SI
407886,SI
407886,SI
136267,SI
136267,SI
136267,SI
136267,CH
136267,SI
136267,SI
425877,SI
150456,SI
150456,SI
334492,SI
334492,SI
334492,CH
334492,SI
285131,CH
446382,SI
279913,SI
279913,SI
150020,SI
150020,SI
115135,SI
115135,SI
115135,SI
115135,SI
115135,SI
115135,SI
408252,SI
408252,FC
408252,SI
408252,SI
408252,CH
276055,SI
123609,SI
123609,CH
123609,CH
123609,CH
429665,SI
429665,CH
429665,SI
424325,SI
424325,CH
424325,CH
279571,SI
279571,SI
279913,CH
279913,FF
279913,CH
150020,SI
150020,CH
115135,FF
115135,CH
408252,SI
408252,SI
408252,SI
408252,SI
408252,SI
408252,SI
276055,SI
276055,SI
276055,SI
276055,CH
276055,CH
276055,CH
276055,CH
123609,FF
123609,SI
123609,CH
429665,SI
429665,SI
424325,IN
424325,IN
424325,IN
424325,IN
279571,SI
279571,CH
279571,CH
279913,SI
279913,SI
150020,CH
150020,SI
150020,CH
150020,SI
150020,SI
115135,SI
115135,SI
115135,SI
115135,CH
408252,SI
408252,SI
408252,CH
276055,SI
276055,SI
123609,SI
123609,CH
123609,CH
424325,CH
424325,CH
424325,SI
424325,SI
424325,SI
424325,SI
424325,SI
430930,FF
430930,SI
430930,SI
123744,SI
123744,SI
123744,SI
123744,CH
123744,SI
123744,CH
133160,SI
133160,CH
133160,FC
134260,SI
400023,SI
400023,SI
400023,SI
400023,CH
113660,SI
113660,FC
435624,SI
435624,SI
425489,SI
425489,SI
425489,CU
425489,SI
430912,SI
430912,CH
430912,SI
430912,SI
430930,SI
430930,FC
430930,CH
430930,SI
430930,SI
123744,SI
123744,FC
123744,SI
133160,SI
133160,FC
133160,SI
134260,SI
400023,SI
400023,SI
400023,SI
400023,SI
113660,SI
113660,CH
435624,CH
435624,CH
435624,FF
425489,CH
425489,SI
425489,SI
425489,CH
425489,SI
425489,SI
430912,SI
430912,SI
430912,SI
430930,CH
430930,CH
430930,SI
430930,SI
430930,SI
430930,CH
123744,CH
123744,SI
133160,CH
133160,FF
133160,SI
134260,SI
134260,SI
400023,SI
400023,FF
150093,SI
444135,SI
444135,SI
117601,SI
117601,SI
117601,SI
117601,CH
133380,SI
133380,SI
133380,SI
493120,SI
113744,SI
113744,SI
113744,SI
113744,SI
113744,SI
434567,SI
434567,SI
434567,SI
136660,SI
136660,SI
136660,CH
136660,SI
136660,SI
150404,SI
150404,CH
150404,SI
150404,SI
150093,SI
150093,SI
150093,CU
150093,SI
150093,SI
444135,SI
444135,SI
444135,SI
444135,SI
117601,SI
133380,SI
133380,SI
133380,SI
133380,CH
133380,SI
493120,CH
493120,FF
493120,FF
113744,CH
434567,SI
434567,CH
434567,SI
136660,CH
136660,SI
136660,FC
150404,SI
150404,CH
150404,CH
150093,SI
150093,SI
150093,SI
150093,CH
444135,SI
444135,CH
117601,CH
117601,SI
133380,CH
133380,SI
133380,SI
493120,SI
493120,SI
334393,SI
334393,SI
444843,SI
444843,SI
444843,SI
444843,CH
444843,CH
444843,SI
116999,SI
116999,CH
116999,SI
116999,SI
116999,SI
116999,FF
431145,SI
425766,SI
425766,FF
425766,CH
425766,FF
425766,SI
425766,CH
461314,SI
461314,CH
455088,SI
455088,FF
407556,SI
407556,CH
407556,SI
477132,SI
477132,SI
477132,SI
334393,SI
334393,FF
334393,CH
444843,FF
116999,FC
116999,FC
431145,SI
425766,SI
461314,SI
461314,SI
455088,SI
455088,CH
455088,SI
455088,SI
407556,CH
407556,SI
407556,SI
477132,CH
477132,CH
334393,CH
334393,SI
444843,CH
444843,CH
444843,SI
444843,CH
444843,SI
116999,SI
431145,SI
431145,SI
425766,SI
425766,SI
425766,SI
425766,SI
425766,FF
461314,SI
461314,SI
461314,CH
461314,CH
455088,CH
429713,SI
429713,SI
429713,SI
425206,SI
425206,SI
450204,SI
450204,SI
450204,SI
450204,CH
450204,CH
450204,CH
434939,SI
434939,CH
434939,SI
425783,SI
425783,FF
425783,CH
425783,CH
425509,SI
425509,CH
232694,SI
429711,SI
429711,SI
429711,SI
429711,CH
429711,SI
429711,SI
431159,SI
431159,SI
431159,PO
431159,CH
431159,SI
431159,CH
429713,FC
429713,CH
429713,FF
425206,CH
425206,SI
450204,CH
434939,CH
434939,SI
434939,SI
434939,CH
434939,FF
434939,SI
434939,CH
425783,SI
425783,FF
425783,SI
425783,SI
425783,CH
425509,SI
425509,CH
232694,CH
232694,SI
232694,SI
232694,SI
232694,SI
232694,SI
232694,CH
429711,CH
429711,SI
429711,SI
429711,CH
431159,SI
431159,SI
431159,SI
431159,SI
431159,CH
431159,CU
431159,SI
429713,CH
429713,CH
429713,CH
429713,SI
425206,SI
425206,CH
425206,CH
425206,CH
425206,SI
425206,CH
425206,SI
450204,CH
450204,FF
450204,SI
450204,CH
450204,SI
434939,CH
434939,SI
434939,FF
425783,FF
425783,FC
425783,CH
425783,FF
425509,SI
425509,SI
232694,SI
429711,CH
429711,CH
429711,SI
429711,CH
429711,SI
429711,SI
431159,SI
120044,SI
120044,SI
120044,CH
408234,SI
407801,SI
407801,SI
407801,SI
407801,CH
121074,SI
121074,SI
121358,IN
121358,IN
121358,IN
121358,IN
444382,SI
444382,SI
444382,SI
434158,SI
434158,CH
434158,FF
434158,CH
135784,SI
135784,SI
135784,SI
136722,SI
136722,SI
136722,FF
136722,CH
136722,FF
120044,SI
120044,SI
120044,SI
120044,SI
120044,SI
408234,SI
408234,SI
408234,SI
407801,SI
407801,SI
407801,SI
121074,CH
121074,SI
121074,SI
121358,SI
121358,SI
121358,SI
121358,CH
121358,SI
444382,SI
444382,CH
444382,SI
444382,SI
434158,FC
434158,FF
434158,FC
135784,PO
135784,PO
135784,SI
135784,SI
135784,CH
135784,CH
136722,SI
136722,SI
136722,CH
136722,SI
120044,CH
408234,CH
408234,CH
408234,SI
408234,SI
408234,SI
407801,SI
121074,SI
121358,SI
121358,CH
121358,CH
460576,SI
460576,CH
460576,SI
458210,SI
458210,SI
458210,SI
408045,SI
408045,FC
408047,SI
408047,CH
408047,SI
150212,SI
150212,SI
150212,SI
150212,CH
430585,SI
430585,SI
430593,SI
430593,SI
430593,SI
430927,SI
430927,SI
430927,SI
450282,SI
450282,CH
450282,CH
460576,CH
460576,CH
460576,SI
458210,SI
458210,SI
458210,FC
408045,SI
408045,SI
408047,FC
150212,SI
150212,SI
430585,SI
430593,CH
430927,CH
430927,FF
430927,FF
430927,SI
430927,SI
430927,CH
450282,SI
450282,CH
450282,SI
460576,SI
458210,SI
458210,CH
408045,FF
408045,CH
408045,CH
408047,SI
408047,SI
408047,SI
408047,CH
150212,SI
150212,SI
150212,SI
150212,SI
150212,SI
150212,CH
430585,CH
430585,FC
430585,FF
430593,SI
430593,SI
430593,SI
430593,SI
430593,SI
430593,CH
430593,CH
430927,CH
430927,CH
430927,FF
430927,SI
430927,SI
430927,SI
150286,CH
150286,SI
460576,CH
460576,CH
460576,CH
460576,CH
460576,SI
430838,FF
430838,FF
430838,FC
115732,FF
115732,SI
115732,CH
115732,SI
407812,SI
407812,SI
407812,SI
407812,CH
407812,SI
407812,SI
407812,SI
425547,SI
425547,SI
425547,SI
425547,SI
425547,CH
425548,SI
425548,SI
425548,CH
425548,CH
425548,FC
455104,SI
453064,SI
453064,CH
453064,SI
435560,FF
435560,SI
435560,CH
407822,FF
407822,CH
407822,SI
430838,SI
430838,CH
430838,CH
430838,CH
430838,SI
430838,CH
430838,CH
430838,SI
115732,SI
115732,CH
407812,SI
407812,SI
407812,SI
407812,SI
407812,SI
407812,SI
407812,CH
425547,CH
425547,FC
425547,SI
425548,SI
425548,CH
455104,SI
455104,CH
455104,SI
453064,CH
435560,CH
435560,CH
407822,FF
407822,CH
430838,CH
430838,FF
115732,CH
407812,CH
407812,FF
407812,FF
407812,CH
407812,SI
425547,SI
425548,SI
425548,CH
455104,SI
455104,SI
453064,CH
453064,CH
453064,CH
434670,SI
114935,FC
114935,SI
408305,SI
408305,SI
425545,SI
425545,CH
425545,SI
425545,SI
425545,SI
425545,SI
425545,CH
408312,FF
408312,SI
408312,SI
408312,SI
408312,CH
425496,CH
425496,CH
276354,SI
276354,SI
276354,SI
276354,CH
276354,CH
407792,SI
445060,SI
445060,SI
445060,SI
434670,SI
434670,CH
434670,CH
434670,SI
114935,SI
114935,CH
408305,SI
425545,SI
408312,SI
425496,SI
425496,SI
425496,SI
425496,SI
276354,SI
407792,SI
407792,CH
407792,CH
407792,CH
445060,CH
434670,CH
434670,SI
434670,CH
114935,SI
114935,SI
114935,SI
408305,CH
408305,CH
425545,SI
408312,CH
408312,FC
408312,SI
408312,CH
425496,CH
425496,CH
425496,CH
425496,SI
453923,SI
453923,SI
453923,CH
453923,SI
430637,SI
430637,FF
430637,SI
116706,SI
116706,SI
116706,SI
407893,SI
407893,FF
407893,SI
435263,FF
435263,SI
435263,SI
435263,SI
435263,SI
425796,SI
425796,SI
117276,SI
117276,SI
117276,SI
117276,CH
452121,SI
452121,SI
452121,CH
452121,SI
452121,SI
452121,CH
452121,SI
450203,SI
453923,FF
453923,SI
453923,SI
430637,SI
430637,FC
116706,FF
116706,SI
407893,SI
407893,SI
435263,CU
435263,FC
425796,SI
425796,SI
425796,SI
117276,SI
452121,SI
452121,SI
450203,SI
450203,SI
453923,SI
453923,CH
453923,SI
453923,CH
430637,SI
430637,SI
430637,SI
430637,CH
430637,SI
116706,SI
407893,SI
407893,SI
435263,SI
435263,CH
435263,SI
435263,SI
435263,FC
425796,CH
425796,SI
117276,SI
117276,FF
117276,SI
117276,CH
117276,SI
452121,SI
452121,SI
119853,CH
453923,CH
435401,SI
435401,SI
435401,SI
435401,SI
407886,SI
407886,SI
407886,CH
407886,SI
405395,CH
405395,CU
405395,SI
136267,SI
150449,SI
425877,SI
285131,SI
285131,SI
285131,SI
285131,SI
131702,SI
131702,SI
453895,SI
453895,SI
435401,SI
435401,CH
435401,SI
435401,CH
407886,CH
407886,SI
407886,SI
405395,SI
405395,SI
405395,SI
405395,SI
136267,CH
150449,CH
150449,CH
150449,CH
150449,CH
425877,SI
425877,CH
285131,SI
285131,SI
285131,SI
433581,SI
433581,SI
433581,SI
453895,SI
453895,SI
453895,CH
453895,CH
453895,SI
435401,SI
435401,CH
435401,CH
407886,CH
405395,CH
405395,SI
457803,SI
457803,SI
457803,CH
457803,CH
433898,SI
433898,SI
433898,SI
115135,SI
115135,FC
115135,FF
115135,SI
408252,SI
408252,CH
408252,FC
408252,SI
408252,SI
276055,SI
276055,FC
276055,CH
276055,SI
276055,SI
429665,SI
429665,CH
429665,SI
429665,SI
429665,CH
123609,FF
458015,SI
276520,SI
276520,CH
276520,CH
457803,SI
457803,SI
433898,SI
433898,SI
433898,SI
115135,CH
115135,SI
408252,CH
408252,SI
276055,FC
276055,CH
429665,CH
429665,SI
429665,SI
429665,SI
429665,CH
429665,SI
123609,SI
123609,SI
458015,SI
276520,SI
276520,SI
276520,SI
276520,SI
457803,CH
457803,CH
457803,CH
457803,CH
457803,CH
433898,SI
433898,SI
433898,CH
433898,SI
433898,CH
433898,SI
115135,CH
115135,CH
115135,SI
115135,SI
408252,CH
276055,SI
276055,CH
276055,CH
276055,CH
452220,SI
452220,FC
452220,CH
452220,SI
455759,CH
455759,SI
455759,SI
455759,SI
455759,SI
455759,SI
455759,CH
455759,CH
407861,SI
407861,SI
407861,SI
407861,CH
407861,SI
433582,SI
433582,SI
433582,SI
429710,FC
429710,SI
429710,SI
429710,CU
448602,CH
448602,CU
448602,SI
448602,CH
448602,SI
471083,SI
471083,FC
464900,SI
464900,SI
464900,SI
464900,CH
464900,SI
452249,SI
452249,SI
452220,SI
455759,SI
407861,SI
407861,CH
407861,CH
433582,SI
433582,CH
433582,SI
433582,SI
433582,CH
433582,SI
429710,SI
429710,CH
429710,CH
429710,SI
448602,CH
448602,SI
448602,SI
448602,SI
448602,SI
471083,SI
471083,CH
471083,CH
464900,SI
464900,SI
464900,CH
464900,SI
464900,CH
433589,SI
433589,SI
452220,SI
452220,SI
452220,CH
452220,CH
452220,CH
455759,SI
455759,SI
407861,SI
407861,SI
407861,SI
433582,SI
433582,SI
433582,SI
429710,CH
429710,SI
429710,SI
448602,CH
448602,CH
448602,CH
448602,SI
150353,SI
150353,SI
502034,SI
502034,FC
502034,SI
502034,SI
133160,SI
133160,SI
133160,SI
133160,CH
133160,CH
133160,SI
134260,SI
134260,SI
400023,SI
400023,SI
400023,CH
400023,SI
435624,SI
435624,CH
435624,FC
435624,SI
435624,SI
435624,CH
435624,SI
110383,FC
110383,CH
110383,CU
110383,SI
123744,SI
123744,CH
123744,CH
123744,SI
123744,SI
429781,SI
429781,SI
429781,SI
150353,SI
150353,SI
150353,CH
150353,CH
502034,SI
502034,CH
502034,CH
133160,CH
133160,FC
133160,SI
133160,SI
133160,SI
134260,CH
134260,SI
134260,SI
400023,CH
400023,CH
435624,FF
435624,FF
110383,SI
110383,SI
110383,SI
110383,SI
110383,CH
110383,SI
123744,SI
123744,SI
123744,SI
429781,SI
429781,SI
429781,CH
150353,SI
150353,SI
502034,SI
502034,CH
502034,CH
430838,SI
425549,SI
425549,SI
425549,CU
425549,SI
425549,SI
407812,SI
407812,SI
407812,SI
425547,SI
425547,FC
425547,SI
425547,CH
425547,SI
425547,CH
425547,SI
425547,FC
425548,SI
425548,SI
425548,SI
456655,SI
456655,SI
456655,CH
456655,SI
456655,CH
456655,CH
453064,SI
453064,SI
453064,SI
453064,CU
453064,SI
453064,CH
455104,SI
455104,CH
455104,FC
455104,SI
346871,SI
346871,SI
346871,SI
430838,SI
430838,CH
430838,SI
425549,CH
425549,SI
425549,SI
407812,CH
407812,CH
407812,CH
425547,CH
425547,CH
425547,FC
425547,FC
425547,SI
425548,SI
425548,SI
456655,CH
456655,SI
456655,SI
453064,SI
453064,SI
455104,SI
455104,SI
407822,SI
430838,SI
430838,SI
425549,SI
407812,CH
425547,SI
425547,SI
425547,SI
276519,SI
276519,SI
276519,FC
276519,SI
276519,SI
425664,SI
425664,FC
400284,SI
400284,SI
429667,SI
429667,FF
132961,SI
132961,SI
132961,SI
429731,SI
429731,SI
434563,SI
434563,SI
434563,SI
119469,SI
119469,SI
276519,SI
276519,CH
276519,FF
276519,CH
276519,SI
276519,CH
425664,CH
425664,SI
425664,CH
425664,SI
400284,SI
400284,SI
400284,CU
400284,SI
400284,SI
400284,CH
429667,FF
429667,FF
429667,CH
429667,SI
429667,FF
429667,SI
150100,FC
150100,CU
150100,SI
150100,SI
132961,FF
132961,FF
132961,CH
132961,FF
132961,SI
429731,FC
429731,CH
429731,SI
434563,CH
434563,SI
119469,SI
276519,SI
276519,SI
276519,FC
276519,SI
425664,FC
425664,CH
425664,SI
425664,SI
425664,SI
400284,SI
400284,SI
400284,SI
429667,FF
429667,SI
150100,FF
150100,CH
150100,SI
132961,FC
429731,SI
429731,SI
434563,PO
434563,SI
434563,CH
434563,SI
276519,SI
400284,SI
400284,SI
150100,SI
150100,FC
429667,SI
425664,SI
425664,CH
425664,CH
425664,SI
425785,SI
132961,SI
132961,FF
132961,FF
132961,CH
132961,CH
132961,CH
400120,SI
400120,SI
400120,CH
452718,SI
452718,CU
452718,SI
276519,SI
276519,SI
400284,SI
400284,CH
400284,CH
150100,FC
150100,CU
150100,CU
150100,CH
150100,SI
150100,SI
150100,CH
150100,CH
150100,CH
150100,CH
429667,SI
429667,FF
429667,SI
425664,SI
425785,SI
150029,SI
150029,SI
150029,PO
150029,SI
400120,SI
452718,SI
452718,SI
276519,SI
276519,SI
276519,SI
276519,SI
400284,SI
400284,CH
400284,SI
400284,CH
400284,SI
150100,CH
150100,SI
150100,SI
429667,CH
425664,SI
425664,CH
425785,SI
425785,SI
150029,SI
150029,SI
150029,SI
150029,CH
150029,SI
150029,SI
400120,CH
400120,SI
400120,CH
407483,SI
407483,SI
150217,SI
150217,SI
475582,SI
475582,SI
451186,SI
451186,SI
451186,SI
451186,CH
150071,SI
150071,SI
150071,SI
150071,SI
150071,SI
150071,SI
435520,SI
435520,SI
452668,SI
452668,CH
452668,SI
466988,PO
466988,SI
400062,SI
400062,SI
407483,SI
150217,SI
150217,CH
150217,SI
475582,SI
475582,SI
475582,SI
475582,SI
451186,SI
451186,SI
150071,SI
150071,SI
150071,SI
150071,CH
150071,CH
150071,SI
150071,CH
435520,SI
466988,SI
466988,FC
466988,SI
466988,CH
400062,SI
407483,CH
407483,FF
407483,CH
407483,SI
407483,CH
407483,CH
407483,SI
150217,SI
475582,CH
475582,SI
451186,SI
451186,SI
451186,CH
451186,SI
150071,SI
150071,SI
435520,SI
435520,SI
435520,SI
452668,CH
452668,SI
452668,SI
466988,FC
466988,SI
400062,SI
400062,CH
400062,SI
400062,CH
400062,SI
114789,SI
114789,SI
425904,SI
425904,SI
425904,CH
450260,SI
450260,SI
450260,SI
450260,SI
450260,FC
450260,FC
450260,SI
450260,CH
408236,SI
408236,CH
408236,SI
408236,CH
452104,SI
452104,FC
452104,SI
461416,SI
461416,SI
460026,SI
460026,SI
460026,CH
460026,SI
453327,SI
453327,FC
453327,SI
114789,SI
114789,FF
114789,SI
114789,CH
425904,SI
425904,SI
425904,SI
425904,SI
450260,FC
450260,CU
450260,SI
450260,CH
408236,SI
408236,SI
408236,SI
452104,CH
461416,SI
461416,CH
461416,CH
461416,SI
460026,SI
453327,SI
453327,CH
453327,CH
453327,SI
432934,SI
432934,SI
432934,CH
432934,CU
114789,SI
114789,SI
114789,CH
114789,SI
114789,CH
114789,SI
425904,SI
425904,CH
425904,SI
450260,SI
408236,CH
408236,CH
408236,SI
408236,SI
452104,CH
452104,CH
452104,SI
452104,CH
114789,SI
425904,SI
425904,CH
425904,CH
450260,SI
450260,SI
450260,SI
450260,SI
450260,SI
450260,SI
408236,SI
408236,CH
452104,SI
452104,SI
452104,SI
452104,CU
452104,SI
461416,SI
461416,FC
461416,SI
461416,CH
461416,CH
460026,SI
460026,SI
460026,SI
453327,SI
453327,CH
453327,SI
430657,SI
430657,SI
114789,SI
425904,SI
425904,CH
425904,CH
450260,SI
450260,SI
450260,CU
450260,SI
450260,SI
450260,SI
408236,IN
408236,IN
408236,IN
408236,IN
452104,CH
452104,CH
452104,FC
452104,SI
461416,FC
460026,SI
460026,SI
460026,SI
460026,SI
460026,CH
453327,PO
453327,SI
453327,SI
453327,SI
453327,SI
430657,SI
114789,SI
114789,SI
114789,SI
114789,SI
425904,SI
425904,SI
425904,SI
450260,SI
450260,CH
450260,SI
450260,SI
408236,SI
408236,SI
408236,FF
408236,FC
408236,SI
408236,SI
452104,FF
452104,FC
452104,CH
452104,CH
461416,CH
461416,FC
461416,CH
461416,SI
461416,SI
460026,CH
460026,SI
460026,SI
460026,SI
460026,SI
451594,SI
451594,FC
451594,SI
425549,SI
425549,SI
407812,SI
407812,SI
425547,SI
425547,FF
425547,SI
425548,SI
425548,CU
425548,SI
425548,SI
456655,SI
456655,FF
456655,SI
453064,SI
453064,SI
453064,SI
453064,SI
282597,SI
282597,SI
346871,SI
346871,SI
346871,SI
346871,SI
451594,SI
425549,SI
425549,SI
425549,CH
407812,CH
425547,FF
425547,FF
425547,SI
425547,CH
425548,SI
456655,SI
456655,CH
453064,SI
282597,SI
282597,CH
282597,CH
346871,SI
346871,CH
346871,SI
346871,SI
346871,SI
451594,FC
451594,CH
451594,SI
451594,CH
425549,SI
425549,SI
407812,SI
407812,SI
407812,SI
407812,SI
425547,FF
425547,CH
425547,SI
425547,SI
425548,SI
425548,SI
425548,SI
425548,SI
425548,SI
425548,CH
150353,SI
150353,SI
133160,SI
133160,FC
133160,SI
133160,SI
467055,SI
467055,SI
134260,SI
448170,SI
448170,SI
448170,SI
400023,SI
400023,SI
464299,SI
464299,FC
464299,CH
123744,SI
123744,SI
123744,SI
123744,SI
123744,CH
217096,FC
150353,CH
133160,PO
133160,FC
133160,CH
133160,CH
133160,SI
467055,FF
134260,SI
134260,CU
134260,SI
448170,SI
400023,SI
400023,SI
400023,CH
400023,CH
400023,CH
464299,SI
464299,CH
123744,SI
123744,CH
217096,SI
217096,CH
217096,CH
150353,SI
133160,PO
133160,SI
133160,SI
467055,FF
467055,FF
467055,CH
134260,SI
134260,SI
448170,SI
448170,CH
448170,CH
448170,SI
448170,SI
448170,CH
133160,SI
133160,SI
133160,CH
133160,SI
464299,FF
464299,FF
464299,FF
435625,FF
435625,FC
435625,FC
435625,FF
134260,FF
134260,CH
134260,CH
134260,FF
448170,SI
400023,FC
110383,FF
110383,CH
110383,FF
110383,FF
123744,FC
123744,SI
430912,FF
430912,FF
430912,FF
430912,FF
133160,CH
464299,FF
464299,FF
435625,SI
134260,CU
134260,FC
448170,CH
448170,CH
400023,FF
400023,FF
110383,SI
110383,SI
123744,CH
123744,FF
430912,CH
430912,FF
430912,FF
430912,CU
430912,FF
133160,FF
136660,SI
136660,SI
136660,SI
136660,CH
136660,SI
136660,SI
136660,SI
444135,SI
444135,SI
132880,SI
132880,CH
150093,SI
150093,SI
434563,SI
434563,SI
434563,SI
434563,SI
434563,SI
408039,SI
276519,SI
276519,SI
434563,SI
434563,SI
430935,SI
430935,FF
430935,CH
430935,SI
430935,SI
276519,SI
276519,SI
276519,CH
276519,SI
276519,SI
276519,SI
150029,SI
150029,CH
400284,SI
429667,SI
429667,SI
150100,SI
150100,SI
150100,SI
150100,SI
425664,IN
425664,IN
425664,IN
425664,IN
150268,SI
150268,SI
150268,SI
150268,SI
434563,FF
434563,SI
434563,SI
434563,CH
434563,CH
430935,CH
430935,FF
430935,CH
